{
  "nodes": [
    {
      "name": "Salary"
    },
    {
      "name": "Rent"
    },
    {
      "name": "Current Bill"
    },
    {
      "name": "Transport"
    },
    {
      "name": "Internet"
    },
    {
      "name": "Insurance"
    },
    {
      "name": "Medical Bills"
    },
    {
      "name": "Savings"
    },
    {
      "name": "Parents"
    }
  ],
  "links": [
    {
      "source": 0,
      "target": 1,
      "value": 20000
    },
    {
      "source": 0,
      "target": 2,
      "value": 4000
    },
    {
      "source": 0,
      "target": 3,
      "value": 4000
    },
    {
      "source": 0,
      "target": 4,
      "value": 10000
    },
    {
      "source": 0,
      "target": 5,
      "value": 23000
    },
    {
      "source": 0,
      "target": 6,
      "value": 3000
    },
    {
      "source": 0,
      "target": 7,
      "value": 35000
    },
    {
      "source": 0,
      "target": 8,
      "value": 11000
    }
  ]
}